City,District
Vilnius,Baltupiai
Vilnius,Rasos
Klaipėda,Naujakiemis
Kaunas,Vilijampolė
Klaipėda,Žardininkai
Klaipėda,Sportininkai
Panevėžys,Molainiai
Šiauliai,Žaliūkiai
Panevėžys,Žemaičiai
Vilnius,Fabijoniškės
Vilnius,Pavilnys
Klaipėda,Rumpiškės
Vilnius,Kalnėnai
Kaunas,Šilainiai
Vilnius,Karoliniškės
Vilnius,Žvėrynas
Alytus,Putinai
Kaunas,Žaliakalnis
Alytus,Vidzgiris
Vilnius,Lazdynai
Panevėžys,Centras
Panevėžys,Klaipėdos
Šiauliai,Dainiai
Panevėžys,Kniaudiškiai
Šiauliai,Centras
Klaipėda,Alksnynė
Klaipėda,Baltija
Klaipėda,Poilsis
Kaunas,Žemieji Šančiai
Panevėžys,Pilėnai
Vilnius,Viršuliškės
Vilnius,Naujoji Vilnia
Klaipėda,Mažasis kaimelis
Vilnius,Vilkpėdė
Kaunas,Freda
Klaipėda,Vėtrungė
Kaunas,Sargėnai
Šiauliai,Lieporiai
Vilnius,Pilaitė
Kaunas,Centras
Kaunas,Senamiestis
Vilnius,Antakalnis
Vilnius,Verkiai
Kaunas,Aleksotas
Kaunas,Romainiai
Vilnius,Naujamiestis
Vilnius,Justiniškės
Klaipėda,Bandužiai
Klaipėda,Miškas
Vilnius,Markučiai
Vilnius,Žirmūnai
Kaunas,Dainava
Vilnius,Užupis
Vilnius,Valakampiai
Kaunas,Žemutiniai Kaniūkai
Kaunas,Aukštieji Šančiai
Vilnius,Jeruzalė
Kaunas,Petrašiūnai
Vilnius,Paupys
Vilnius,Naujininkai
Klaipėda,Tauralaukis
Vilnius,Filaretai
Klaipėda,Debrecenas
Vilnius,Grigiškės
Vilnius,Santariškės
Kaunas,Eiguliai
Vilnius,Bajorai
Vilnius,Šnipiškės
Vilnius,Šeškinė
Vilnius,Pašilaičiai
Vilnius,Senamiestis
Klaipėda,Mokykla
Palanga,Šventoji
Klaipėda,Centras
Klaipėda,Laukininkai
Vilnius,Lazdynėliai
Klaipėda,Senamiestis
Kaunas,Panemunė
Klaipėda,Žvejybos uostas
Šiauliai,Gytariai
Kaunas,Kalniečiai
Vilnius,Žemieji Paneriai
Palanga,Palanga
Klaipėda,Vingis
Klaipėda,Kaunas
Vilnius,Šiaurės miestelis
Klaipėda,Melnragė
Vilnius,Balsiai
Vilnius,Visoriai
